analytic_random_trajectory_burden,observed_learned_trajectory_burden,oracle_bad_row_trajectory_burden,policy_id,row_budget,split_seed
0.29578820475230094,0.0273224043715847,0.10382513661202186,next_step_bad::logistic_regression::prefix_position_only,0.01,20250617
0.4906434170948687,0.04918032786885246,0.18579234972677597,next_step_bad::logistic_regression::prefix_position_only,0.02,20250617
0.787112505580279,0.1912568306010929,0.3825136612021858,next_step_bad::logistic_regression::prefix_position_only,0.05,20250617
0.9386399600608197,0.3770491803278688,0.3989071038251366,next_step_bad::logistic_regression::prefix_position_only,0.1,20250617
0.9914249133755374,0.7486338797814208,0.3989071038251366,next_step_bad::logistic_regression::prefix_position_only,0.2,20250617
0.29578820475230094,0.15846994535519127,0.10382513661202186,next_step_bad::logistic_regression::non_position_history_only,0.01,20250617
0.4906434170948687,0.15846994535519127,0.18579234972677597,next_step_bad::logistic_regression::non_position_history_only,0.02,20250617
0.787112505580279,0.46994535519125685,0.3825136612021858,next_step_bad::logistic_regression::non_position_history_only,0.05,20250617
0.9386399600608197,0.6721311475409836,0.3989071038251366,next_step_bad::logistic_regression::non_position_history_only,0.1,20250617
0.9914249133755374,0.9562841530054644,0.3989071038251366,next_step_bad::logistic_regression::non_position_history_only,0.2,20250617
0.29578820475230094,0.07103825136612021,0.10382513661202186,next_step_bad::logistic_regression::all_structured,0.01,20250617
0.4906434170948687,0.14754098360655737,0.18579234972677597,next_step_bad::logistic_regression::all_structured,0.02,20250617
0.787112505580279,0.4371584699453552,0.3825136612021858,next_step_bad::logistic_regression::all_structured,0.05,20250617
0.9386399600608197,0.6775956284153005,0.3989071038251366,next_step_bad::logistic_regression::all_structured,0.1,20250617
0.9914249133755374,0.9234972677595629,0.3989071038251366,next_step_bad::logistic_regression::all_structured,0.2,20250617
0.29578820475230094,0.11475409836065574,0.10382513661202186,next_step_bad::gradient_boosting::all_structured,0.01,20250617
0.4906434170948687,0.14207650273224043,0.18579234972677597,next_step_bad::gradient_boosting::all_structured,0.02,20250617
0.787112505580279,0.4371584699453552,0.3825136612021858,next_step_bad::gradient_boosting::all_structured,0.05,20250617
0.9386399600608197,0.7759562841530054,0.3989071038251366,next_step_bad::gradient_boosting::all_structured,0.1,20250617
0.9914249133755374,0.9562841530054644,0.3989071038251366,next_step_bad::gradient_boosting::all_structured,0.2,20250617
0.29578820475230094,0.10382513661202186,0.10382513661202186,next_step_bad::hist_gradient_boosting::all_plus_interactions,0.01,20250617
0.4906434170948687,0.16393442622950818,0.18579234972677597,next_step_bad::hist_gradient_boosting::all_plus_interactions,0.02,20250617
0.787112505580279,0.4371584699453552,0.3825136612021858,next_step_bad::hist_gradient_boosting::all_plus_interactions,0.05,20250617
0.9386399600608197,0.7868852459016393,0.3989071038251366,next_step_bad::hist_gradient_boosting::all_plus_interactions,0.1,20250617
0.9914249133755374,0.9508196721311475,0.3989071038251366,next_step_bad::hist_gradient_boosting::all_plus_interactions,0.2,20250617
0.29578820475230094,0.12568306010928962,0.10382513661202186,next_step_bad::random_forest::all_structured,0.01,20250617
0.4906434170948687,0.15300546448087432,0.18579234972677597,next_step_bad::random_forest::all_structured,0.02,20250617
0.787112505580279,0.4371584699453552,0.3825136612021858,next_step_bad::random_forest::all_structured,0.05,20250617
0.9386399600608197,0.7486338797814208,0.3989071038251366,next_step_bad::random_forest::all_structured,0.1,20250617
0.9914249133755374,0.9344262295081968,0.3989071038251366,next_step_bad::random_forest::all_structured,0.2,20250617
0.3023556115898428,0.1092896174863388,0.07103825136612021,next_step_bad::logistic_regression::prefix_position_only,0.01,20250618
0.5015619717167145,0.15300546448087432,0.15846994535519127,next_step_bad::logistic_regression::prefix_position_only,0.02,20250618
0.7995611686523054,0.24043715846994534,0.3879781420765027,next_step_bad::logistic_regression::prefix_position_only,0.05,20250618
0.9454367249226827,0.3114754098360656,0.3989071038251366,next_step_bad::logistic_regression::prefix_position_only,0.1,20250618
0.9927747103457012,0.5245901639344263,0.3989071038251366,next_step_bad::logistic_regression::prefix_position_only,0.2,20250618
0.3023556115898428,0.13114754098360656,0.07103825136612021,next_step_bad::logistic_regression::non_position_history_only,0.01,20250618
0.5015619717167145,0.18032786885245902,0.15846994535519127,next_step_bad::logistic_regression::non_position_history_only,0.02,20250618
0.7995611686523054,0.47540983606557374,0.3879781420765027,next_step_bad::logistic_regression::non_position_history_only,0.05,20250618
0.9454367249226827,0.644808743169399,0.3989071038251366,next_step_bad::logistic_regression::non_position_history_only,0.1,20250618
0.9927747103457012,0.9344262295081968,0.3989071038251366,next_step_bad::logistic_regression::non_position_history_only,0.2,20250618
0.3023556115898428,0.08196721311475409,0.07103825136612021,next_step_bad::logistic_regression::all_structured,0.01,20250618
0.5015619717167145,0.18032786885245902,0.15846994535519127,next_step_bad::logistic_regression::all_structured,0.02,20250618
0.7995611686523054,0.48633879781420764,0.3879781420765027,next_step_bad::logistic_regression::all_structured,0.05,20250618
0.9454367249226827,0.6120218579234973,0.3989071038251366,next_step_bad::logistic_regression::all_structured,0.1,20250618
0.9927747103457012,0.8852459016393442,0.3989071038251366,next_step_bad::logistic_regression::all_structured,0.2,20250618
0.3023556115898428,0.09289617486338798,0.07103825136612021,next_step_bad::gradient_boosting::all_structured,0.01,20250618
0.5015619717167145,0.17486338797814208,0.15846994535519127,next_step_bad::gradient_boosting::all_structured,0.02,20250618
0.7995611686523054,0.4918032786885246,0.3879781420765027,next_step_bad::gradient_boosting::all_structured,0.05,20250618
0.9454367249226827,0.7049180327868853,0.3989071038251366,next_step_bad::gradient_boosting::all_structured,0.1,20250618
0.9927747103457012,0.9617486338797814,0.3989071038251366,next_step_bad::gradient_boosting::all_structured,0.2,20250618
0.3023556115898428,0.11475409836065574,0.07103825136612021,next_step_bad::hist_gradient_boosting::all_plus_interactions,0.01,20250618
0.5015619717167145,0.20765027322404372,0.15846994535519127,next_step_bad::hist_gradient_boosting::all_plus_interactions,0.02,20250618
0.7995611686523054,0.5081967213114754,0.3879781420765027,next_step_bad::hist_gradient_boosting::all_plus_interactions,0.05,20250618
0.9454367249226827,0.726775956284153,0.3989071038251366,next_step_bad::hist_gradient_boosting::all_plus_interactions,0.1,20250618
0.9927747103457012,0.9289617486338798,0.3989071038251366,next_step_bad::hist_gradient_boosting::all_plus_interactions,0.2,20250618
0.3023556115898428,0.12021857923497267,0.07103825136612021,next_step_bad::random_forest::all_structured,0.01,20250618
0.5015619717167145,0.18032786885245902,0.15846994535519127,next_step_bad::random_forest::all_structured,0.02,20250618
0.7995611686523054,0.45901639344262296,0.3879781420765027,next_step_bad::random_forest::all_structured,0.05,20250618
0.9454367249226827,0.7486338797814208,0.3989071038251366,next_step_bad::random_forest::all_structured,0.1,20250618
0.9927747103457012,0.8961748633879781,0.3989071038251366,next_step_bad::random_forest::all_structured,0.2,20250618
0.3109647722292367,0.04371584699453552,0.09289617486338798,next_step_bad::logistic_regression::prefix_position_only,0.01,20250619
0.5110160697733975,0.09289617486338798,0.20218579234972678,next_step_bad::logistic_regression::prefix_position_only,0.02,20250619
0.8043672158117333,0.14754098360655737,0.3989071038251366,next_step_bad::logistic_regression::prefix_position_only,0.05,20250619
0.9473005457445333,0.26229508196721313,0.3989071038251366,next_step_bad::logistic_regression::prefix_position_only,0.1,20250619
0.9937035167017373,0.47540983606557374,0.3989071038251366,next_step_bad::logistic_regression::prefix_position_only,0.2,20250619
0.3109647722292367,0.1366120218579235,0.09289617486338798,next_step_bad::logistic_regression::non_position_history_only,0.01,20250619
0.5110160697733975,0.15846994535519127,0.20218579234972678,next_step_bad::logistic_regression::non_position_history_only,0.02,20250619
0.8043672158117333,0.41530054644808745,0.3989071038251366,next_step_bad::logistic_regression::non_position_history_only,0.05,20250619
0.9473005457445333,0.5355191256830601,0.3989071038251366,next_step_bad::logistic_regression::non_position_history_only,0.1,20250619
0.9937035167017373,0.8961748633879781,0.3989071038251366,next_step_bad::logistic_regression::non_position_history_only,0.2,20250619
0.3109647722292367,0.06557377049180328,0.09289617486338798,next_step_bad::logistic_regression::all_structured,0.01,20250619
0.5110160697733975,0.16939890710382513,0.20218579234972678,next_step_bad::logistic_regression::all_structured,0.02,20250619
0.8043672158117333,0.3989071038251366,0.3989071038251366,next_step_bad::logistic_regression::all_structured,0.05,20250619
0.9473005457445333,0.5573770491803278,0.3989071038251366,next_step_bad::logistic_regression::all_structured,0.1,20250619
0.9937035167017373,0.7923497267759563,0.3989071038251366,next_step_bad::logistic_regression::all_structured,0.2,20250619
0.3109647722292367,0.11475409836065574,0.09289617486338798,next_step_bad::gradient_boosting::all_structured,0.01,20250619
0.5110160697733975,0.15846994535519127,0.20218579234972678,next_step_bad::gradient_boosting::all_structured,0.02,20250619
0.8043672158117333,0.45901639344262296,0.3989071038251366,next_step_bad::gradient_boosting::all_structured,0.05,20250619
0.9473005457445333,0.7213114754098361,0.3989071038251366,next_step_bad::gradient_boosting::all_structured,0.1,20250619
0.9937035167017373,0.9398907103825137,0.3989071038251366,next_step_bad::gradient_boosting::all_structured,0.2,20250619
0.3109647722292367,0.11475409836065574,0.09289617486338798,next_step_bad::hist_gradient_boosting::all_plus_interactions,0.01,20250619
0.5110160697733975,0.16393442622950818,0.20218579234972678,next_step_bad::hist_gradient_boosting::all_plus_interactions,0.02,20250619
0.8043672158117333,0.4262295081967213,0.3989071038251366,next_step_bad::hist_gradient_boosting::all_plus_interactions,0.05,20250619
0.9473005457445333,0.6557377049180327,0.3989071038251366,next_step_bad::hist_gradient_boosting::all_plus_interactions,0.1,20250619
0.9937035167017373,0.8961748633879781,0.3989071038251366,next_step_bad::hist_gradient_boosting::all_plus_interactions,0.2,20250619
0.3109647722292367,0.1092896174863388,0.09289617486338798,next_step_bad::random_forest::all_structured,0.01,20250619
0.5110160697733975,0.1912568306010929,0.20218579234972678,next_step_bad::random_forest::all_structured,0.02,20250619
0.8043672158117333,0.47540983606557374,0.3989071038251366,next_step_bad::random_forest::all_structured,0.05,20250619
0.9473005457445333,0.7049180327868853,0.3989071038251366,next_step_bad::random_forest::all_structured,0.1,20250619
0.9937035167017373,0.8907103825136612,0.3989071038251366,next_step_bad::random_forest::all_structured,0.2,20250619
0.2967675920116267,0.08196721311475409,0.09289617486338798,next_step_bad::logistic_regression::prefix_position_only,0.01,20250620
0.4920995043792423,0.10382513661202186,0.15846994535519127,next_step_bad::logistic_regression::prefix_position_only,0.02,20250620
0.7865613947472202,0.16939890710382513,0.3989071038251366,next_step_bad::logistic_regression::prefix_position_only,0.05,20250620
0.9358169932208884,0.30601092896174864,0.3989071038251366,next_step_bad::logistic_regression::prefix_position_only,0.1,20250620
0.9898658534055819,0.5409836065573771,0.3989071038251366,next_step_bad::logistic_regression::prefix_position_only,0.2,20250620
0.2967675920116267,0.13114754098360656,0.09289617486338798,next_step_bad::logistic_regression::non_position_history_only,0.01,20250620
0.4920995043792423,0.16393442622950818,0.15846994535519127,next_step_bad::logistic_regression::non_position_history_only,0.02,20250620
0.7865613947472202,0.45901639344262296,0.3989071038251366,next_step_bad::logistic_regression::non_position_history_only,0.05,20250620
0.9358169932208884,0.5846994535519126,0.3989071038251366,next_step_bad::logistic_regression::non_position_history_only,0.1,20250620
0.9898658534055819,0.9344262295081968,0.3989071038251366,next_step_bad::logistic_regression::non_position_history_only,0.2,20250620
0.2967675920116267,0.12021857923497267,0.09289617486338798,next_step_bad::logistic_regression::all_structured,0.01,20250620
0.4920995043792423,0.1912568306010929,0.15846994535519127,next_step_bad::logistic_regression::all_structured,0.02,20250620
0.7865613947472202,0.453551912568306,0.3989071038251366,next_step_bad::logistic_regression::all_structured,0.05,20250620
0.9358169932208884,0.6338797814207651,0.3989071038251366,next_step_bad::logistic_regression::all_structured,0.1,20250620
0.9898658534055819,0.8469945355191257,0.3989071038251366,next_step_bad::logistic_regression::all_structured,0.2,20250620
0.2967675920116267,0.12568306010928962,0.09289617486338798,next_step_bad::gradient_boosting::all_structured,0.01,20250620
0.4920995043792423,0.1912568306010929,0.15846994535519127,next_step_bad::gradient_boosting::all_structured,0.02,20250620
0.7865613947472202,0.45901639344262296,0.3989071038251366,next_step_bad::gradient_boosting::all_structured,0.05,20250620
0.9358169932208884,0.6994535519125683,0.3989071038251366,next_step_bad::gradient_boosting::all_structured,0.1,20250620
0.9898658534055819,0.9289617486338798,0.3989071038251366,next_step_bad::gradient_boosting::all_structured,0.2,20250620
0.2967675920116267,0.12021857923497267,0.09289617486338798,next_step_bad::hist_gradient_boosting::all_plus_interactions,0.01,20250620
0.4920995043792423,0.24043715846994534,0.15846994535519127,next_step_bad::hist_gradient_boosting::all_plus_interactions,0.02,20250620
0.7865613947472202,0.5355191256830601,0.3989071038251366,next_step_bad::hist_gradient_boosting::all_plus_interactions,0.05,20250620
0.9358169932208884,0.7704918032786885,0.3989071038251366,next_step_bad::hist_gradient_boosting::all_plus_interactions,0.1,20250620
0.9898658534055819,0.9453551912568307,0.3989071038251366,next_step_bad::hist_gradient_boosting::all_plus_interactions,0.2,20250620
0.2967675920116267,0.1092896174863388,0.09289617486338798,next_step_bad::random_forest::all_structured,0.01,20250620
0.4920995043792423,0.1912568306010929,0.15846994535519127,next_step_bad::random_forest::all_structured,0.02,20250620
0.7865613947472202,0.5027322404371585,0.3989071038251366,next_step_bad::random_forest::all_structured,0.05,20250620
0.9358169932208884,0.73224043715847,0.3989071038251366,next_step_bad::random_forest::all_structured,0.1,20250620
0.9898658534055819,0.8907103825136612,0.3989071038251366,next_step_bad::random_forest::all_structured,0.2,20250620
0.2977031462172747,0.02185792349726776,0.11475409836065574,next_step_bad::logistic_regression::prefix_position_only,0.01,20250621
0.49512145609864683,0.0546448087431694,0.20218579234972678,next_step_bad::logistic_regression::prefix_position_only,0.02,20250621
0.7943121514845859,0.1366120218579235,0.3989071038251366,next_step_bad::logistic_regression::prefix_position_only,0.05,20250621
0.9439282518551427,0.25136612021857924,0.3989071038251366,next_step_bad::logistic_regression::prefix_position_only,0.1,20250621
0.9926856034581955,0.4918032786885246,0.3989071038251366,next_step_bad::logistic_regression::prefix_position_only,0.2,20250621
0.2977031462172747,0.13114754098360656,0.11475409836065574,next_step_bad::logistic_regression::non_position_history_only,0.01,20250621
0.49512145609864683,0.16393442622950818,0.20218579234972678,next_step_bad::logistic_regression::non_position_history_only,0.02,20250621
0.7943121514845859,0.4808743169398907,0.3989071038251366,next_step_bad::logistic_regression::non_position_history_only,0.05,20250621
0.9439282518551427,0.644808743169399,0.3989071038251366,next_step_bad::logistic_regression::non_position_history_only,0.1,20250621
0.9926856034581955,0.9344262295081968,0.3989071038251366,next_step_bad::logistic_regression::non_position_history_only,0.2,20250621
0.2977031462172747,0.09289617486338798,0.11475409836065574,next_step_bad::logistic_regression::all_structured,0.01,20250621
0.49512145609864683,0.14754098360655737,0.20218579234972678,next_step_bad::logistic_regression::all_structured,0.02,20250621
0.7943121514845859,0.39344262295081966,0.3989071038251366,next_step_bad::logistic_regression::all_structured,0.05,20250621
0.9439282518551427,0.5245901639344263,0.3989071038251366,next_step_bad::logistic_regression::all_structured,0.1,20250621
0.9926856034581955,0.8142076502732241,0.3989071038251366,next_step_bad::logistic_regression::all_structured,0.2,20250621
0.2977031462172747,0.11475409836065574,0.11475409836065574,next_step_bad::gradient_boosting::all_structured,0.01,20250621
0.49512145609864683,0.15300546448087432,0.20218579234972678,next_step_bad::gradient_boosting::all_structured,0.02,20250621
0.7943121514845859,0.4808743169398907,0.3989071038251366,next_step_bad::gradient_boosting::all_structured,0.05,20250621
0.9439282518551427,0.7158469945355191,0.3989071038251366,next_step_bad::gradient_boosting::all_structured,0.1,20250621
0.9926856034581955,0.9508196721311475,0.3989071038251366,next_step_bad::gradient_boosting::all_structured,0.2,20250621
0.2977031462172747,0.10382513661202186,0.11475409836065574,next_step_bad::hist_gradient_boosting::all_plus_interactions,0.01,20250621
0.49512145609864683,0.18579234972677597,0.20218579234972678,next_step_bad::hist_gradient_boosting::all_plus_interactions,0.02,20250621
0.7943121514845859,0.4371584699453552,0.3989071038251366,next_step_bad::hist_gradient_boosting::all_plus_interactions,0.05,20250621
0.9439282518551427,0.8032786885245902,0.3989071038251366,next_step_bad::hist_gradient_boosting::all_plus_interactions,0.1,20250621
0.9926856034581955,0.9289617486338798,0.3989071038251366,next_step_bad::hist_gradient_boosting::all_plus_interactions,0.2,20250621
0.2977031462172747,0.06557377049180328,0.11475409836065574,next_step_bad::random_forest::all_structured,0.01,20250621
0.49512145609864683,0.2185792349726776,0.20218579234972678,next_step_bad::random_forest::all_structured,0.02,20250621
0.7943121514845859,0.4371584699453552,0.3989071038251366,next_step_bad::random_forest::all_structured,0.05,20250621
0.9439282518551427,0.7868852459016393,0.3989071038251366,next_step_bad::random_forest::all_structured,0.1,20250621
0.9926856034581955,0.9617486338797814,0.3989071038251366,next_step_bad::random_forest::all_structured,0.2,20250621
0.2967424032784661,0.00546448087431694,0.07103825136612021,next_step_bad::logistic_regression::prefix_position_only,0.01,20250622
0.4945009020576316,0.03278688524590164,0.15300546448087432,next_step_bad::logistic_regression::prefix_position_only,0.02,20250622
0.7947688452216398,0.1092896174863388,0.3989071038251366,next_step_bad::logistic_regression::prefix_position_only,0.05,20250622
0.944985112335306,0.2185792349726776,0.3989071038251366,next_step_bad::logistic_regression::prefix_position_only,0.1,20250622
0.9937763192121656,0.44808743169398907,0.3989071038251366,next_step_bad::logistic_regression::prefix_position_only,0.2,20250622
0.2967424032784661,0.12568306010928962,0.07103825136612021,next_step_bad::logistic_regression::non_position_history_only,0.01,20250622
0.4945009020576316,0.18032786885245902,0.15300546448087432,next_step_bad::logistic_regression::non_position_history_only,0.02,20250622
0.7947688452216398,0.47540983606557374,0.3989071038251366,next_step_bad::logistic_regression::non_position_history_only,0.05,20250622
0.944985112335306,0.6721311475409836,0.3989071038251366,next_step_bad::logistic_regression::non_position_history_only,0.1,20250622
0.9937763192121656,0.9617486338797814,0.3989071038251366,next_step_bad::logistic_regression::non_position_history_only,0.2,20250622
0.2967424032784661,0.08743169398907104,0.07103825136612021,next_step_bad::logistic_regression::all_structured,0.01,20250622
0.4945009020576316,0.16939890710382513,0.15300546448087432,next_step_bad::logistic_regression::all_structured,0.02,20250622
0.7947688452216398,0.3989071038251366,0.3989071038251366,next_step_bad::logistic_regression::all_structured,0.05,20250622
0.944985112335306,0.6174863387978142,0.3989071038251366,next_step_bad::logistic_regression::all_structured,0.1,20250622
0.9937763192121656,0.8797814207650273,0.3989071038251366,next_step_bad::logistic_regression::all_structured,0.2,20250622
0.2967424032784661,0.07650273224043716,0.07103825136612021,next_step_bad::gradient_boosting::all_structured,0.01,20250622
0.4945009020576316,0.15300546448087432,0.15300546448087432,next_step_bad::gradient_boosting::all_structured,0.02,20250622
0.7947688452216398,0.453551912568306,0.3989071038251366,next_step_bad::gradient_boosting::all_structured,0.05,20250622
0.944985112335306,0.6721311475409836,0.3989071038251366,next_step_bad::gradient_boosting::all_structured,0.1,20250622
0.9937763192121656,0.9617486338797814,0.3989071038251366,next_step_bad::gradient_boosting::all_structured,0.2,20250622
0.2967424032784661,0.07650273224043716,0.07103825136612021,next_step_bad::hist_gradient_boosting::all_plus_interactions,0.01,20250622
0.4945009020576316,0.14207650273224043,0.15300546448087432,next_step_bad::hist_gradient_boosting::all_plus_interactions,0.02,20250622
0.7947688452216398,0.45901639344262296,0.3989071038251366,next_step_bad::hist_gradient_boosting::all_plus_interactions,0.05,20250622
0.944985112335306,0.7650273224043715,0.3989071038251366,next_step_bad::hist_gradient_boosting::all_plus_interactions,0.1,20250622
0.9937763192121656,0.9617486338797814,0.3989071038251366,next_step_bad::hist_gradient_boosting::all_plus_interactions,0.2,20250622
0.2967424032784661,0.09836065573770492,0.07103825136612021,next_step_bad::random_forest::all_structured,0.01,20250622
0.4945009020576316,0.16393442622950818,0.15300546448087432,next_step_bad::random_forest::all_structured,0.02,20250622
0.7947688452216398,0.43169398907103823,0.3989071038251366,next_step_bad::random_forest::all_structured,0.05,20250622
0.944985112335306,0.7759562841530054,0.3989071038251366,next_step_bad::random_forest::all_structured,0.1,20250622
0.9937763192121656,0.9289617486338798,0.3989071038251366,next_step_bad::random_forest::all_structured,0.2,20250622
0.29479913695866994,0.0,0.09836065573770492,next_step_bad::logistic_regression::prefix_position_only,0.01,20250623
0.48984228095710214,0.0,0.16939890710382513,next_step_bad::logistic_regression::prefix_position_only,0.02,20250623
0.7887598675516054,0.03278688524590164,0.3989071038251366,next_step_bad::logistic_regression::prefix_position_only,0.05,20250623
0.941682821960981,0.12021857923497267,0.3989071038251366,next_step_bad::logistic_regression::prefix_position_only,0.1,20250623
0.9927424194312059,0.3770491803278688,0.3989071038251366,next_step_bad::logistic_regression::prefix_position_only,0.2,20250623
0.29479913695866994,0.12021857923497267,0.09836065573770492,next_step_bad::logistic_regression::non_position_history_only,0.01,20250623
0.48984228095710214,0.37158469945355194,0.16939890710382513,next_step_bad::logistic_regression::non_position_history_only,0.02,20250623
0.7887598675516054,0.4972677595628415,0.3989071038251366,next_step_bad::logistic_regression::non_position_history_only,0.05,20250623
0.941682821960981,0.5901639344262295,0.3989071038251366,next_step_bad::logistic_regression::non_position_history_only,0.1,20250623
0.9927424194312059,0.9344262295081968,0.3989071038251366,next_step_bad::logistic_regression::non_position_history_only,0.2,20250623
0.29479913695866994,0.06557377049180328,0.09836065573770492,next_step_bad::logistic_regression::all_structured,0.01,20250623
0.48984228095710214,0.16393442622950818,0.16939890710382513,next_step_bad::logistic_regression::all_structured,0.02,20250623
0.7887598675516054,0.20765027322404372,0.3989071038251366,next_step_bad::logistic_regression::all_structured,0.05,20250623
0.941682821960981,0.48633879781420764,0.3989071038251366,next_step_bad::logistic_regression::all_structured,0.1,20250623
0.9927424194312059,0.726775956284153,0.3989071038251366,next_step_bad::logistic_regression::all_structured,0.2,20250623
0.29479913695866994,0.08743169398907104,0.09836065573770492,next_step_bad::gradient_boosting::all_structured,0.01,20250623
0.48984228095710214,0.14754098360655737,0.16939890710382513,next_step_bad::gradient_boosting::all_structured,0.02,20250623
0.7887598675516054,0.4262295081967213,0.3989071038251366,next_step_bad::gradient_boosting::all_structured,0.05,20250623
0.941682821960981,0.7486338797814208,0.3989071038251366,next_step_bad::gradient_boosting::all_structured,0.1,20250623
0.9927424194312059,0.9344262295081968,0.3989071038251366,next_step_bad::gradient_boosting::all_structured,0.2,20250623
0.29479913695866994,0.07650273224043716,0.09836065573770492,next_step_bad::hist_gradient_boosting::all_plus_interactions,0.01,20250623
0.48984228095710214,0.1912568306010929,0.16939890710382513,next_step_bad::hist_gradient_boosting::all_plus_interactions,0.02,20250623
0.7887598675516054,0.45901639344262296,0.3989071038251366,next_step_bad::hist_gradient_boosting::all_plus_interactions,0.05,20250623
0.941682821960981,0.7540983606557377,0.3989071038251366,next_step_bad::hist_gradient_boosting::all_plus_interactions,0.1,20250623
0.9927424194312059,0.9453551912568307,0.3989071038251366,next_step_bad::hist_gradient_boosting::all_plus_interactions,0.2,20250623
0.29479913695866994,0.06557377049180328,0.09836065573770492,next_step_bad::random_forest::all_structured,0.01,20250623
0.48984228095710214,0.16393442622950818,0.16939890710382513,next_step_bad::random_forest::all_structured,0.02,20250623
0.7887598675516054,0.4918032786885246,0.3989071038251366,next_step_bad::random_forest::all_structured,0.05,20250623
0.941682821960981,0.7923497267759563,0.3989071038251366,next_step_bad::random_forest::all_structured,0.1,20250623
0.9927424194312059,0.912568306010929,0.3989071038251366,next_step_bad::random_forest::all_structured,0.2,20250623
0.3039298798049935,0.03278688524590164,0.11475409836065574,next_step_bad::logistic_regression::prefix_position_only,0.01,20250624
0.50174879992569,0.07650273224043716,0.18032786885245902,next_step_bad::logistic_regression::prefix_position_only,0.02,20250624
0.7975792337964325,0.1912568306010929,0.3989071038251366,next_step_bad::logistic_regression::prefix_position_only,0.05,20250624
0.9447163396741609,0.3770491803278688,0.3989071038251366,next_step_bad::logistic_regression::prefix_position_only,0.1,20250624
0.9933353076007011,0.6284153005464481,0.3989071038251366,next_step_bad::logistic_regression::prefix_position_only,0.2,20250624
0.3039298798049935,0.12568306010928962,0.11475409836065574,next_step_bad::logistic_regression::non_position_history_only,0.01,20250624
0.50174879992569,0.15846994535519127,0.18032786885245902,next_step_bad::logistic_regression::non_position_history_only,0.02,20250624
0.7975792337964325,0.4972677595628415,0.3989071038251366,next_step_bad::logistic_regression::non_position_history_only,0.05,20250624
0.9447163396741609,0.6721311475409836,0.3989071038251366,next_step_bad::logistic_regression::non_position_history_only,0.1,20250624
0.9933353076007011,0.9453551912568307,0.3989071038251366,next_step_bad::logistic_regression::non_position_history_only,0.2,20250624
0.3039298798049935,0.12021857923497267,0.11475409836065574,next_step_bad::logistic_regression::all_structured,0.01,20250624
0.50174879992569,0.18032786885245902,0.18032786885245902,next_step_bad::logistic_regression::all_structured,0.02,20250624
0.7975792337964325,0.45901639344262296,0.3989071038251366,next_step_bad::logistic_regression::all_structured,0.05,20250624
0.9447163396741609,0.6229508196721312,0.3989071038251366,next_step_bad::logistic_regression::all_structured,0.1,20250624
0.9933353076007011,0.8524590163934426,0.3989071038251366,next_step_bad::logistic_regression::all_structured,0.2,20250624
0.3039298798049935,0.0546448087431694,0.11475409836065574,next_step_bad::gradient_boosting::all_structured,0.01,20250624
0.50174879992569,0.16939890710382513,0.18032786885245902,next_step_bad::gradient_boosting::all_structured,0.02,20250624
0.7975792337964325,0.43169398907103823,0.3989071038251366,next_step_bad::gradient_boosting::all_structured,0.05,20250624
0.9447163396741609,0.7650273224043715,0.3989071038251366,next_step_bad::gradient_boosting::all_structured,0.1,20250624
0.9933353076007011,0.9508196721311475,0.3989071038251366,next_step_bad::gradient_boosting::all_structured,0.2,20250624
0.3039298798049935,0.07650273224043716,0.11475409836065574,next_step_bad::hist_gradient_boosting::all_plus_interactions,0.01,20250624
0.50174879992569,0.18032786885245902,0.18032786885245902,next_step_bad::hist_gradient_boosting::all_plus_interactions,0.02,20250624
0.7975792337964325,0.48633879781420764,0.3989071038251366,next_step_bad::hist_gradient_boosting::all_plus_interactions,0.05,20250624
0.9447163396741609,0.7704918032786885,0.3989071038251366,next_step_bad::hist_gradient_boosting::all_plus_interactions,0.1,20250624
0.9933353076007011,0.907103825136612,0.3989071038251366,next_step_bad::hist_gradient_boosting::all_plus_interactions,0.2,20250624
0.3039298798049935,0.09289617486338798,0.11475409836065574,next_step_bad::random_forest::all_structured,0.01,20250624
0.50174879992569,0.18032786885245902,0.18032786885245902,next_step_bad::random_forest::all_structured,0.02,20250624
0.7975792337964325,0.4644808743169399,0.3989071038251366,next_step_bad::random_forest::all_structured,0.05,20250624
0.9447163396741609,0.7540983606557377,0.3989071038251366,next_step_bad::random_forest::all_structured,0.1,20250624
0.9933353076007011,0.8852459016393442,0.3989071038251366,next_step_bad::random_forest::all_structured,0.2,20250624
0.29900774147003145,0.01092896174863388,0.10382513661202186,next_step_bad::logistic_regression::prefix_position_only,0.01,20250625
0.49531344253521414,0.02185792349726776,0.18579234972677597,next_step_bad::logistic_regression::prefix_position_only,0.02,20250625
0.7931652794554235,0.04371584699453552,0.3879781420765027,next_step_bad::logistic_regression::prefix_position_only,0.05,20250625
0.9439526515958533,0.14207650273224043,0.3989071038251366,next_step_bad::logistic_regression::prefix_position_only,0.1,20250625
0.9936946880501009,0.39344262295081966,0.3989071038251366,next_step_bad::logistic_regression::prefix_position_only,0.2,20250625
0.29900774147003145,0.15300546448087432,0.10382513661202186,next_step_bad::logistic_regression::non_position_history_only,0.01,20250625
0.49531344253521414,0.1912568306010929,0.18579234972677597,next_step_bad::logistic_regression::non_position_history_only,0.02,20250625
0.7931652794554235,0.4808743169398907,0.3879781420765027,next_step_bad::logistic_regression::non_position_history_only,0.05,20250625
0.9439526515958533,0.7103825136612022,0.3989071038251366,next_step_bad::logistic_regression::non_position_history_only,0.1,20250625
0.9936946880501009,0.9289617486338798,0.3989071038251366,next_step_bad::logistic_regression::non_position_history_only,0.2,20250625
0.29900774147003145,0.08743169398907104,0.10382513661202186,next_step_bad::logistic_regression::all_structured,0.01,20250625
0.49531344253521414,0.20218579234972678,0.18579234972677597,next_step_bad::logistic_regression::all_structured,0.02,20250625
0.7931652794554235,0.4371584699453552,0.3879781420765027,next_step_bad::logistic_regression::all_structured,0.05,20250625
0.9439526515958533,0.5300546448087432,0.3989071038251366,next_step_bad::logistic_regression::all_structured,0.1,20250625
0.9936946880501009,0.7595628415300546,0.3989071038251366,next_step_bad::logistic_regression::all_structured,0.2,20250625
0.29900774147003145,0.14207650273224043,0.10382513661202186,next_step_bad::gradient_boosting::all_structured,0.01,20250625
0.49531344253521414,0.22404371584699453,0.18579234972677597,next_step_bad::gradient_boosting::all_structured,0.02,20250625
0.7931652794554235,0.5245901639344263,0.3879781420765027,next_step_bad::gradient_boosting::all_structured,0.05,20250625
0.9439526515958533,0.7868852459016393,0.3989071038251366,next_step_bad::gradient_boosting::all_structured,0.1,20250625
0.9936946880501009,0.9453551912568307,0.3989071038251366,next_step_bad::gradient_boosting::all_structured,0.2,20250625
0.29900774147003145,0.15300546448087432,0.10382513661202186,next_step_bad::hist_gradient_boosting::all_plus_interactions,0.01,20250625
0.49531344253521414,0.2677595628415301,0.18579234972677597,next_step_bad::hist_gradient_boosting::all_plus_interactions,0.02,20250625
0.7931652794554235,0.48633879781420764,0.3879781420765027,next_step_bad::hist_gradient_boosting::all_plus_interactions,0.05,20250625
0.9439526515958533,0.7213114754098361,0.3989071038251366,next_step_bad::hist_gradient_boosting::all_plus_interactions,0.1,20250625
0.9936946880501009,0.9289617486338798,0.3989071038251366,next_step_bad::hist_gradient_boosting::all_plus_interactions,0.2,20250625
0.29900774147003145,0.14754098360655737,0.10382513661202186,next_step_bad::random_forest::all_structured,0.01,20250625
0.49531344253521414,0.22404371584699453,0.18579234972677597,next_step_bad::random_forest::all_structured,0.02,20250625
0.7931652794554235,0.5628415300546448,0.3879781420765027,next_step_bad::random_forest::all_structured,0.05,20250625
0.9439526515958533,0.7759562841530054,0.3989071038251366,next_step_bad::random_forest::all_structured,0.1,20250625
0.9936946880501009,0.8961748633879781,0.3989071038251366,next_step_bad::random_forest::all_structured,0.2,20250625
0.30202805454104953,0.060109289617486336,0.09836065573770492,next_step_bad::logistic_regression::prefix_position_only,0.01,20250626
0.501043250073207,0.09289617486338798,0.19672131147540983,next_step_bad::logistic_regression::prefix_position_only,0.02,20250626
0.799571823167861,0.16939890710382513,0.3989071038251366,next_step_bad::logistic_regression::prefix_position_only,0.05,20250626
0.9454485892417498,0.30601092896174864,0.3989071038251366,next_step_bad::logistic_regression::prefix_position_only,0.1,20250626
0.9923887395051242,0.5191256830601093,0.3989071038251366,next_step_bad::logistic_regression::prefix_position_only,0.2,20250626
0.30202805454104953,0.11475409836065574,0.09836065573770492,next_step_bad::logistic_regression::non_position_history_only,0.01,20250626
0.501043250073207,0.1366120218579235,0.19672131147540983,next_step_bad::logistic_regression::non_position_history_only,0.02,20250626
0.799571823167861,0.453551912568306,0.3989071038251366,next_step_bad::logistic_regression::non_position_history_only,0.05,20250626
0.9454485892417498,0.644808743169399,0.3989071038251366,next_step_bad::logistic_regression::non_position_history_only,0.1,20250626
0.9923887395051242,0.9508196721311475,0.3989071038251366,next_step_bad::logistic_regression::non_position_history_only,0.2,20250626
0.30202805454104953,0.03278688524590164,0.09836065573770492,next_step_bad::logistic_regression::all_structured,0.01,20250626
0.501043250073207,0.1366120218579235,0.19672131147540983,next_step_bad::logistic_regression::all_structured,0.02,20250626
0.799571823167861,0.44808743169398907,0.3989071038251366,next_step_bad::logistic_regression::all_structured,0.05,20250626
0.9454485892417498,0.6612021857923497,0.3989071038251366,next_step_bad::logistic_regression::all_structured,0.1,20250626
0.9923887395051242,0.9016393442622951,0.3989071038251366,next_step_bad::logistic_regression::all_structured,0.2,20250626
0.30202805454104953,0.0273224043715847,0.09836065573770492,next_step_bad::gradient_boosting::all_structured,0.01,20250626
0.501043250073207,0.14207650273224043,0.19672131147540983,next_step_bad::gradient_boosting::all_structured,0.02,20250626
0.799571823167861,0.43169398907103823,0.3989071038251366,next_step_bad::gradient_boosting::all_structured,0.05,20250626
0.9454485892417498,0.6502732240437158,0.3989071038251366,next_step_bad::gradient_boosting::all_structured,0.1,20250626
0.9923887395051242,0.9726775956284153,0.3989071038251366,next_step_bad::gradient_boosting::all_structured,0.2,20250626
0.30202805454104953,0.02185792349726776,0.09836065573770492,next_step_bad::hist_gradient_boosting::all_plus_interactions,0.01,20250626
0.501043250073207,0.18032786885245902,0.19672131147540983,next_step_bad::hist_gradient_boosting::all_plus_interactions,0.02,20250626
0.799571823167861,0.48633879781420764,0.3989071038251366,next_step_bad::hist_gradient_boosting::all_plus_interactions,0.05,20250626
0.9454485892417498,0.73224043715847,0.3989071038251366,next_step_bad::hist_gradient_boosting::all_plus_interactions,0.1,20250626
0.9923887395051242,0.8907103825136612,0.3989071038251366,next_step_bad::hist_gradient_boosting::all_plus_interactions,0.2,20250626
0.30202805454104953,0.01092896174863388,0.09836065573770492,next_step_bad::random_forest::all_structured,0.01,20250626
0.501043250073207,0.14207650273224043,0.19672131147540983,next_step_bad::random_forest::all_structured,0.02,20250626
0.799571823167861,0.44808743169398907,0.3989071038251366,next_step_bad::random_forest::all_structured,0.05,20250626
0.9454485892417498,0.7213114754098361,0.3989071038251366,next_step_bad::random_forest::all_structured,0.1,20250626
0.9923887395051242,0.9289617486338798,0.3989071038251366,next_step_bad::random_forest::all_structured,0.2,20250626
0.303251487886507,0.9837837837837838,0.10270270270270271,observation_error_keyword_heuristic,0.01,20250617
0.49914315930737607,0.9837837837837838,0.1945945945945946,observation_error_keyword_heuristic,0.02,20250617
0.7906001654994743,0.9837837837837838,0.41081081081081083,observation_error_keyword_heuristic,0.05,20250617
0.9367248208397319,0.9837837837837838,0.42162162162162165,observation_error_keyword_heuristic,0.1,20250617
0.9889522682334156,0.9837837837837838,0.42162162162162165,observation_error_keyword_heuristic,0.2,20250617
0.303251487886507,0.9945945945945946,0.10270270270270271,timeout_or_failure_heuristic,0.01,20250617
0.49914315930737607,0.9945945945945946,0.1945945945945946,timeout_or_failure_heuristic,0.02,20250617
0.7906001654994743,0.9945945945945946,0.41081081081081083,timeout_or_failure_heuristic,0.05,20250617
0.9367248208397319,0.9945945945945946,0.42162162162162165,timeout_or_failure_heuristic,0.1,20250617
0.9889522682334156,0.9945945945945946,0.42162162162162165,timeout_or_failure_heuristic,0.2,20250617
0.303251487886507,0.5405405405405406,0.10270270270270271,repeated_action_or_observation_heuristic,0.01,20250617
0.49914315930737607,0.5405405405405406,0.1945945945945946,repeated_action_or_observation_heuristic,0.02,20250617
0.7906001654994743,0.5405405405405406,0.41081081081081083,repeated_action_or_observation_heuristic,0.05,20250617
0.9367248208397319,1.0,0.42162162162162165,repeated_action_or_observation_heuristic,0.1,20250617
0.9889522682334156,1.0,0.42162162162162165,repeated_action_or_observation_heuristic,0.2,20250617
0.303251487886507,0.11351351351351352,0.10270270270270271,long_prefix_heuristic,0.01,20250617
0.49914315930737607,0.11351351351351352,0.1945945945945946,long_prefix_heuristic,0.02,20250617
0.7906001654994743,0.11351351351351352,0.41081081081081083,long_prefix_heuristic,0.05,20250617
0.9367248208397319,0.14054054054054055,0.42162162162162165,long_prefix_heuristic,0.1,20250617
0.9889522682334156,0.41081081081081083,0.42162162162162165,long_prefix_heuristic,0.2,20250617
